{"cameraMode":{"drawMode":0,"name":"Shaded","section":"Shading Mode"},"sceneLighting":false,"audioPlay":false,"sceneViewState":{"showFog":true,"showMaterialUpdate":false,"showSkybox":false,"showFlares":true,"showImageEffects":true,"showParticleSystems":true},"in2DMode":false,"pivot":{"x":0.0,"y":0.8016378879547119,"z":0.08582150936126709},"rotation":{"x":0.018540771678090097,"y":0.9410375952720642,"z":-0.05228129029273987,"w":0.33372291922569277},"size":3.2523982524871828,"orthographic":false}