{"cameraMode":{"drawMode":0,"name":"Shaded","section":"Shading Mode"},"sceneLighting":false,"audioPlay":false,"sceneViewState":{"showFog":true,"showMaterialUpdate":false,"showSkybox":false,"showFlares":true,"showImageEffects":true,"showParticleSystems":true},"in2DMode":false,"pivot":{"x":1.4901161193847657e-8,"y":0.3696192502975464,"z":0.002052590250968933},"rotation":{"x":0.00009142624912783504,"y":0.9999077916145325,"z":0.01049940474331379,"w":-0.008703026920557022},"size":1.9027178287506104,"orthographic":false}