{"cameraMode":{"drawMode":0,"name":"Shaded","section":"Shading Mode"},"sceneLighting":false,"audioPlay":false,"sceneViewState":{"showFog":true,"showMaterialUpdate":false,"showSkybox":false,"showFlares":true,"showImageEffects":true,"showParticleSystems":true},"in2DMode":false,"pivot":{"x":0.0,"y":0.3700982928276062,"z":2.9802322387695315e-8},"rotation":{"x":0.16262337565422059,"y":0.693385899066925,"z":-0.1652800440788269,"w":0.6822403073310852},"size":3.1169207096099855,"orthographic":false}